{
    "app": "python app.py",
    "context": {
        "@aws-cdk:enableStackNameDuplicates": "true",
        "aws-cdk:enableDiffNoFail": "true",
        "@aws-cdk:stackRelativeExports": "true",
        "@aws-cdk/aws-ecr-assets:dockerIgnoreSupport": true,
        "@aws-cdk/aws-secretsmanager:parseOwnedSecretName": true,
        "@aws-cdk:newStyleStackSynthesis": true,
        "account": "977982708932",
        "region": "eu-central-1",
        "qa": {
            "deploy_account": "511372950887",
            "bucket": "cap-qa-data-lake",
            "vpc_id": "vpc-0310a5a6deaa0ff65",
            "subnet_id": "subnet-0d1c2f9fffbc3a5dc",
            "glue_role_name": "data-lake-glue-role",
            "theobald_url": "http://theobald-dq.cap.covestro.net:8065",
            "sap-c4c-odata": "arn:aws:secretsmanager:eu-central-1:511372950887:secret:sap-c4c-odata-H5IecM",
            "data-lake-adobe-marketo": "arn:aws:secretsmanager:eu-central-1:511372950887:secret:data-lake-adobe-marketo-M6sKZ7",
            "kapost-api-key": "arn:aws:secretsmanager:eu-central-1:511372950887:secret:kapost-api-key-LR3Jrf",
            "supply-chain-apac-gsp": "arn:aws:secretsmanager:eu-central-1:511372950887:secret:supply-chain-apac-gsp-Pu8g8m",
            "QualtricsCred": "arn:aws:secretsmanager:eu-central-1:511372950887:secret:QualtricsCred-fjqflm",
            "b73-odata": "arn:aws:secretsmanager:eu-central-1:511372950887:secret:b73-odata-Z1MITg"
        },
        "prod": {
            "deploy_account": "368958901492",
            "bucket": "cap-prod-data-lake",
            "vpc_id": "vpc-0300e30335c493d6a",
            "subnet_id": "subnet-0f1b8c65353f59d5d",
            "glue_role_name": "data-lake-glue-role",
            "theobald_url": "http://theobald.cap.covestro.net:8065",
            "sap-c4c-odata": "arn:aws:secretsmanager:eu-central-1:368958901492:secret:sap-c4c-odata-yRchlM",
            "data-lake-adobe-marketo": "arn:aws:secretsmanager:eu-central-1:368958901492:secret:data-lake-adobe-marketo-ZDxni9",
            "kapost-api-key": "arn:aws:secretsmanager:eu-central-1:368958901492:secret:kapost-api-key-LWYnhZ",
            "supply-chain-apac-gsp": "arn:aws:secretsmanager:eu-central-1:368958901492:secret:supply-chain-apac-gsp-LSR7wt",
            "QualtricsCred": "arn:aws:secretsmanager:eu-central-1:368958901492:secret:QualtricsCred-LmOoLW",
            "b73-odata": "arn:aws:secretsmanager:eu-central-1:368958901492:secret:b73-odata-S0uA1T"
        }
    }
}
