{
  "app": "python3 app.py",
  "watch": {
    "include": [
      "**"
    ],
    "exclude": [
      "README.md",
      "cdk*.json",
      "requirements*.txt",
      "source.bat",
      "**/__init__.py",
      "python/__pycache__",
      "tests"
    ]
  },
  "context": {
    "@aws-cdk/aws-lambda:recognizeLayerVersion": true,
    "@aws-cdk/core:checkSecretUsage": true,
    "@aws-cdk/core:target-partitions": [
      "aws",
      "aws-cn"
    ],
    "@aws-cdk-containers/ecs-service-extensions:enableDefaultLogDriver": true,
    "@aws-cdk/aws-ec2:uniqueImdsv2TemplateName": true,
    "@aws-cdk/aws-ecs:arnFormatIncludesClusterName": true,
    "@aws-cdk/aws-iam:minimizePolicies": true,
    "@aws-cdk/core:validateSnapshotRemovalPolicy": true,
    "@aws-cdk/aws-codepipeline:crossAccountKeyAliasStackSafeResourceName": true,
    "@aws-cdk/aws-s3:createDefaultLoggingPolicy": true,
    "@aws-cdk/aws-sns-subscriptions:restrictSqsDescryption": true,
    "@aws-cdk/aws-apigateway:disableCloudWatchRole": true,
    "@aws-cdk/core:enablePartitionLiterals": true,
    "@aws-cdk/aws-events:eventsTargetQueueSameAccount": true,
    "@aws-cdk/aws-iam:standardizedServicePrincipals": true,
    "@aws-cdk/aws-ecs:disableExplicitDeploymentControllerForCircuitBreaker": true,
    "owner": "srinivasan.sundaram@covestro.com",
    "region": "eu-central-1",
    "account": "977982708932",
    "notification_sns_topic_arn": "arn:aws:sns:eu-central-1:977982708932:SC-977982708932-pp-234mrqlksi6no-PipelineNotificationSNSTopic-WGtWjAp3FCfa",
    "project_name": "sap-cdp-cloud-datalake",
    "account_folder": "data-lake-accounts",
    "resource_type": "etl",
    "qa": {
      "region": "eu-central-1",
      "account": "511372950887",
      "vpc_id": "",
      "custom_args": {
        "glue": {
          "UPDATE_SCHEDULE": "cron(0 0 * * ? 2199)"
        },
        "connection_name": "covestro-intranet",
        "secret_name": ""
      }
    },
    "prod": {
      "region": "eu-central-1",
      "account": "368958901492",
      "vpc_id": "",
      "custom_args": {
        "glue": {
          "UPDATE_SCHEDULE": "cron(0 3 1 * ? *)"
        },
        "connection_name": "covestro-intranet",
        "secret_name": ""
      }
    }
  }
}
